{
  "quantiles": {
    "thalach": {
      "q25": -0.7169699497597815,
      "q50": 0.11799776348908021,
      "q75": 0.689291462027775
    },
    "oldpeak": {
      "q25": -0.9571394956792528,
      "q50": -0.2140092062725192,
      "q75": 0.5291210831342144
    },
    "ca": {
      "q25": -0.705642285072797,
      "q50": -0.705642285072797,
      "q75": 0.4147195885954159
    }
  },
  "timestamp": "2025-09-15T20:30:57.610655"
}